What describes your current professional status? ,How many years of programming experience do you have?,What is your primary programming language?,Does the comments contain any factual errors or misleading information? ,Does the comments contain any factual errors or misleading information? ,Does the comments contain any factual errors or misleading information? ,Does the comments contain any factual errors or misleading information? ,How adequate are the inline comments in explaining the code's functionality?,How adequate are the inline comments in explaining the code's functionality?,How adequate are the inline comments in explaining the code's functionality?,How adequate are the inline comments in explaining the code's functionality?,"Is the comment expressed in a concise manner, avoiding unnecessary wordiness?","Is the comment expressed in a concise manner, avoiding unnecessary wordiness?","Is the comment expressed in a concise manner, avoiding unnecessary wordiness?","Is the comment expressed in a concise manner, avoiding unnecessary wordiness?",How do inline comments impact the usefulness of the code?,How do inline comments impact the usefulness of the code?,How do inline comments impact the usefulness of the code?,How do inline comments impact the usefulness of the code?,Does the comments contain any factual errors or misleading information? ,Does the comments contain any factual errors or misleading information? ,Does the comments contain any factual errors or misleading information? ,Does the comments contain any factual errors or misleading information? ,How adequate are the inline comments in explaining the code's functionality?,How adequate are the inline comments in explaining the code's functionality?,How adequate are the inline comments in explaining the code's functionality?,How adequate are the inline comments in explaining the code's functionality?,"Is the comment expressed in a concise manner, avoiding unnecessary wordiness?","Is the comment expressed in a concise manner, avoiding unnecessary wordiness?","Is the comment expressed in a concise manner, avoiding unnecessary wordiness?","Is the comment expressed in a concise manner, avoiding unnecessary wordiness?",How do inline comments impact the usefulness of the code?,How do inline comments impact the usefulness of the code?,How do inline comments impact the usefulness of the code?,How do inline comments impact the usefulness of the code?,Would you be interested in tools or resources specifically designed to improve inline commenting practices for code snippets shared on Stack Overflow?,What type of tool would you prefer for generating inline comments for Stack Overflow code snippets using LLM?
Software Developer,3 to 5,Python,Completely accurate,Mostly accurate,Completely accurate,Mostly accurate,Somewhat adequate,Mostly adequate,Completely adequate,Completely adequate,Perfectly concise,Somewhat concise,Neutral,Somewhat lengthy,No impact,Slightly increase,Significantly increase,Significantly increase,,,,,,,,,,,,,,,,,Very interested,Browser plugin
Software Developer,3 to 5,Python,Mostly accurate,Completely accurate,Completely accurate,Completely accurate,Somewhat adequate,Mostly adequate,Mostly adequate,Completely adequate,Perfectly concise,Somewhat concise,Somewhat lengthy,Somewhat lengthy,No impact,No impact,Significantly increase,Significantly increase,,,,,,,,,,,,,,,,,Very interested,Web application
Software Developer,6 to 10,Java,,,,,,,,,,,,,,,,,Completely accurate,Completely accurate,Completely accurate,Mostly accurate,Mostly adequate,Mostly adequate,Completely adequate,Completely adequate,Perfectly concise,Perfectly concise,Somewhat concise,Somewhat lengthy,No impact,Slightly increase,Slightly increase,Significantly increase,Somewhat interested,Browser plugin
Software Developer,3 to 5,Python,Mostly accurate,Completely accurate,Completely accurate,Mostly accurate,Somewhat adequate,Mostly adequate,Completely adequate,Completely adequate,Perfectly concise,Somewhat concise,Neutral,Somewhat lengthy,Slightly increase,Slightly increase,Significantly increase,Significantly increase,,,,,,,,,,,,,,,,,Very interested,Browser plugin
Student,6 to 10,Java,,,,,,,,,,,,,,,,,Mostly accurate,Completely accurate,Completely accurate,Mostly accurate,Somewhat adequate,Mostly adequate,Completely adequate,Completely adequate,Somewhat concise,Somewhat concise,Neutral,Somewhat lengthy,Slightly increase,Slightly increase,Significantly increase,Slightly increase,Very interested,Browser plugin
Software Developer,6 to 10,Python,Mostly accurate,Mostly accurate,Mostly accurate,Mostly accurate,Somewhat adequate,Somewhat adequate,Mostly adequate,Completely adequate,Perfectly concise,Perfectly concise,Neutral,Somewhat lengthy,No impact,No impact,Slightly increase,Significantly increase,,,,,,,,,,,,,,,,,Very interested,Web application
Academician,3 to 5,Python,Completely accurate,Completely accurate,Completely accurate,Mostly accurate,Mostly adequate,Somewhat adequate,Completely adequate,Mostly adequate,Somewhat concise,Perfectly concise,Neutral,Neutral,Slightly increase,Slightly increase,Significantly increase,Slightly increase,,,,,,,,,,,,,,,,,Very interested,IDE extension
Student,6 to 10,Java,,,,,,,,,,,,,,,,,Mostly accurate,Mostly accurate,Mostly accurate,Completely accurate,Somewhat adequate,Somewhat adequate,Mostly adequate,Completely adequate,Perfectly concise,Somewhat concise,Neutral,Excessively lengthy,No impact,No impact,Significantly increase,Significantly increase,Somewhat interested,Browser plugin
Software Developer,3 to 5,Java,,,,,,,,,,,,,,,,,Mostly accurate,Completely accurate,Completely accurate,Completely accurate,Somewhat adequate,Mostly adequate,Completely adequate,Mostly adequate,Perfectly concise,Somewhat concise,Neutral,Somewhat lengthy,No impact,Slightly increase,Significantly increase,Significantly increase,Very interested,Browser plugin
Student,3 to 5,Python,Mostly accurate,Completely accurate,Completely accurate,Completely accurate,Mostly adequate,Mostly adequate,Mostly adequate,Completely adequate,Somewhat concise,Perfectly concise,Somewhat lengthy,Excessively lengthy,No impact,No impact,Slightly increase,Significantly increase,,,,,,,,,,,,,,,,,Very interested,Web application
Software Developer,3 to 5,Python,Completely accurate,Completely accurate,Mostly accurate,Completely accurate,Somewhat adequate,Mostly adequate,Completely adequate,Mostly adequate,Perfectly concise,Somewhat concise,Neutral,Excessively lengthy,No impact,Slightly increase,Slightly increase,Significantly increase,,,,,,,,,,,,,,,,,Neutral,Web application
Software Developer,6 to 10,Python,Mostly accurate,Mostly accurate,Completely accurate,Completely accurate,Mostly adequate,Mostly adequate,Completely adequate,Completely adequate,Perfectly concise,Somewhat concise,Neutral,Somewhat lengthy,No impact,Slightly increase,Significantly increase,Slightly increase,,,,,,,,,,,,,,,,,Very interested,Browser plugin
Software Developer,6 to 10,Java,,,,,,,,,,,,,,,,,Mostly accurate,Mostly accurate,Completely accurate,Mostly accurate,Somewhat adequate,Somewhat adequate,Mostly adequate,Completely adequate,Perfectly concise,Somewhat concise,Somewhat lengthy,Excessively lengthy,No impact,Slightly increase,Slightly increase,Significantly increase,Very interested,Browser plugin
Student,3 to 5,Python,Mostly accurate,Completely accurate,Completely accurate,Mostly accurate,Somewhat adequate,Somewhat adequate,Mostly adequate,Completely adequate,Perfectly concise,Somewhat concise,Somewhat lengthy,Somewhat lengthy,No impact,Slightly increase,Significantly increase,Significantly increase,,,,,,,,,,,,,,,,,Very interested,Browser plugin
